tweet-id	timestamp	url	likes	replies	retweets
953486336001888256	2018-01-17 04:37:12	/budimandjatmiko/status/953486336001888256	64	25	35
952997747958857728	2018-01-15 20:15:43	/budimandjatmiko/status/952997747958857728	42	9	10
951400451630514178	2018-01-11 10:28:38	/budimandjatmiko/status/951400451630514178	4	2	2
941107562727878657	2017-12-14 00:48:22	/budimandjatmiko/status/941107562727878657	121	12	48
931065083718803456	2017-11-16 07:43:08	/budimandjatmiko/status/931065083718803456	5	5	2
926702566670352384	2017-11-04 06:48:03	/budimandjatmiko/status/926702566670352384	9	1	1
921537075907674112	2017-10-21 00:42:14	/budimandjatmiko/status/921537075907674112	2	1	1
914195342949736448	2017-09-30 18:28:49	/budimandjatmiko/status/914195342949736448	3	3	4
908866124959309829	2017-09-16 01:32:24	/budimandjatmiko/status/908866124959309829	5	10	9
906143352407470081	2017-09-08 13:13:05	/budimandjatmiko/status/906143352407470081	3	1	1
906142607251693569	2017-09-08 13:10:07	/budimandjatmiko/status/906142607251693569	19	3	5
906054047660032000	2017-09-08 07:18:13	/budimandjatmiko/status/906054047660032000	1	2	4
896417798070587392	2017-08-12 17:07:12	/budimandjatmiko/status/896417798070587392	1	0	2
892692034980519937	2017-08-02 10:22:21	/budimandjatmiko/status/892692034980519937	2	2	2
892684609183297536	2017-08-02 09:52:50	/budimandjatmiko/status/892684609183297536	14	4	7
892678096737902592	2017-08-02 09:26:58	/budimandjatmiko/status/892678096737902592	10	3	13
886564546474762240	2017-07-16 12:33:54	/budimandjatmiko/status/886564546474762240	7	7	1
879273610476634117	2017-06-26 09:42:19	/budimandjatmiko/status/879273610476634117	7	12	3
953486336001888256	2018-01-17 04:37:12	/budimandjatmiko/status/953486336001888256	64	25	35
952997747958857728	2018-01-15 20:15:43	/budimandjatmiko/status/952997747958857728	42	9	10
951400451630514178	2018-01-11 10:28:38	/budimandjatmiko/status/951400451630514178	4	2	2
941107562727878657	2017-12-14 00:48:22	/budimandjatmiko/status/941107562727878657	121	12	48
931065083718803456	2017-11-16 07:43:08	/budimandjatmiko/status/931065083718803456	5	5	2
926702566670352384	2017-11-04 06:48:03	/budimandjatmiko/status/926702566670352384	9	1	1
921537075907674112	2017-10-21 00:42:14	/budimandjatmiko/status/921537075907674112	2	1	1
914195342949736448	2017-09-30 18:28:49	/budimandjatmiko/status/914195342949736448	3	3	4
908866124959309829	2017-09-16 01:32:24	/budimandjatmiko/status/908866124959309829	5	10	9
906143352407470081	2017-09-08 13:13:05	/budimandjatmiko/status/906143352407470081	3	1	1
906142607251693569	2017-09-08 13:10:07	/budimandjatmiko/status/906142607251693569	19	3	5
906054047660032000	2017-09-08 07:18:13	/budimandjatmiko/status/906054047660032000	1	2	4
896417798070587392	2017-08-12 17:07:12	/budimandjatmiko/status/896417798070587392	1	0	2
892692034980519937	2017-08-02 10:22:21	/budimandjatmiko/status/892692034980519937	2	2	2
892684609183297536	2017-08-02 09:52:50	/budimandjatmiko/status/892684609183297536	14	4	7
892678096737902592	2017-08-02 09:26:58	/budimandjatmiko/status/892678096737902592	10	3	13
886564546474762240	2017-07-16 12:33:54	/budimandjatmiko/status/886564546474762240	7	7	1
879273610476634117	2017-06-26 09:42:19	/budimandjatmiko/status/879273610476634117	7	12	3
859343572440567808	2017-05-02 09:47:28	/budimandjatmiko/status/859343572440567808	44	12	42
853465291543597056	2017-04-16 04:29:16	/budimandjatmiko/status/853465291543597056	84	24	43
848704197394444289	2017-04-03 01:10:23	/budimandjatmiko/status/848704197394444289	23	9	21
844490174797004802	2017-03-22 10:05:22	/budimandjatmiko/status/844490174797004802	36	8	10
840981532017852416	2017-03-12 17:43:16	/budimandjatmiko/status/840981532017852416	7	1	1
832183795402960896	2017-02-16 11:04:12	/budimandjatmiko/status/832183795402960896	13	4	11
817724115901698048	2017-01-07 13:26:36	/budimandjatmiko/status/817724115901698048	28	7	22
816325701204742144	2017-01-03 16:49:48	/budimandjatmiko/status/816325701204742144	0	0	1
809721302026067968	2016-12-16 11:26:16	/budimandjatmiko/status/809721302026067968	0	0	1
807835154240585730	2016-12-11 06:31:24	/budimandjatmiko/status/807835154240585730	35	7	34
801016900792643584	2016-11-22 10:58:05	/budimandjatmiko/status/801016900792643584	6	1	4
801007917889568768	2016-11-22 10:22:24	/budimandjatmiko/status/801007917889568768	1	1	1
796359604334493696	2016-11-09 14:31:39	/budimandjatmiko/status/796359604334493696	17	11	10
795616737811054593	2016-11-07 13:19:46	/budimandjatmiko/status/795616737811054593	22	1	5
795092692283723776	2016-11-06 02:37:24	/budimandjatmiko/status/795092692283723776	24	4	15
792030955800100864	2016-10-28 15:51:09	/budimandjatmiko/status/792030955800100864	0	0	3
786936755366662144	2016-10-14 14:28:37	/budimandjatmiko/status/786936755366662144	0	3	4
859343572440567808	2017-05-02 09:47:28	/budimandjatmiko/status/859343572440567808	44	12	42
853465291543597056	2017-04-16 04:29:16	/budimandjatmiko/status/853465291543597056	84	24	43
848704197394444289	2017-04-03 01:10:23	/budimandjatmiko/status/848704197394444289	23	9	21
844490174797004802	2017-03-22 10:05:22	/budimandjatmiko/status/844490174797004802	36	8	10
840981532017852416	2017-03-12 17:43:16	/budimandjatmiko/status/840981532017852416	7	1	1
832183795402960896	2017-02-16 11:04:12	/budimandjatmiko/status/832183795402960896	13	4	11
817724115901698048	2017-01-07 13:26:36	/budimandjatmiko/status/817724115901698048	28	7	22
816325701204742144	2017-01-03 16:49:48	/budimandjatmiko/status/816325701204742144	0	0	1
809721302026067968	2016-12-16 11:26:16	/budimandjatmiko/status/809721302026067968	0	0	1
807835154240585730	2016-12-11 06:31:24	/budimandjatmiko/status/807835154240585730	35	7	34
801016900792643584	2016-11-22 10:58:05	/budimandjatmiko/status/801016900792643584	6	1	4
801007917889568768	2016-11-22 10:22:24	/budimandjatmiko/status/801007917889568768	1	1	1
796359604334493696	2016-11-09 14:31:39	/budimandjatmiko/status/796359604334493696	17	11	10
795616737811054593	2016-11-07 13:19:46	/budimandjatmiko/status/795616737811054593	22	1	5
795092692283723776	2016-11-06 02:37:24	/budimandjatmiko/status/795092692283723776	24	4	15
792030955800100864	2016-10-28 15:51:09	/budimandjatmiko/status/792030955800100864	0	0	3
786936755366662144	2016-10-14 14:28:37	/budimandjatmiko/status/786936755366662144	0	3	4
779995048943366144	2016-09-25 10:44:45	/budimandjatmiko/status/779995048943366144	4	0	2
774267284063817728	2016-09-09 15:24:40	/budimandjatmiko/status/774267284063817728	3	0	1
773883161776263168	2016-09-08 13:58:18	/budimandjatmiko/status/773883161776263168	1	1	0
763889670396620801	2016-08-12 00:07:44	/budimandjatmiko/status/763889670396620801	6	3	8
759055308849242112	2016-07-29 15:57:42	/budimandjatmiko/status/759055308849242112	1	1	4
752145634308726784	2016-07-10 14:21:08	/budimandjatmiko/status/752145634308726784	2	0	1
752124864840933376	2016-07-10 12:58:36	/budimandjatmiko/status/752124864840933376	3	0	6
748430436724989959	2016-06-30 08:18:15	/budimandjatmiko/status/748430436724989959	3	1	6
740460278651977728	2016-06-08 08:27:42	/budimandjatmiko/status/740460278651977728	3	0	2
728938064563699712	2016-05-07 13:22:32	/budimandjatmiko/status/728938064563699712	9	1	12
726823046586081280	2016-05-01 17:18:12	/budimandjatmiko/status/726823046586081280	2	0	3
722425455370842113	2016-04-19 14:03:45	/budimandjatmiko/status/722425455370842113	2	2	0
720154107663687680	2016-04-13 07:38:13	/budimandjatmiko/status/720154107663687680	0	0	0
719078073564442626	2016-04-10 08:22:27	/budimandjatmiko/status/719078073564442626	1	1	4
719025206908424192	2016-04-10 04:52:22	/budimandjatmiko/status/719025206908424192	3	2	5
716168456110870528	2016-04-02 07:40:40	/budimandjatmiko/status/716168456110870528	30	10	35
708917995515416577	2016-03-13 07:29:55	/budimandjatmiko/status/708917995515416577	3	1	5
707122913564971008	2016-03-08 08:36:54	/budimandjatmiko/status/707122913564971008	2	1	2
703827603182858240	2016-02-28 06:22:31	/budimandjatmiko/status/703827603182858240	9	7	15
703517780524421121	2016-02-27 09:51:24	/budimandjatmiko/status/703517780524421121	3	2	8
779995048943366144	2016-09-25 10:44:45	/budimandjatmiko/status/779995048943366144	4	0	2
774267284063817728	2016-09-09 15:24:40	/budimandjatmiko/status/774267284063817728	3	0	1
773883161776263168	2016-09-08 13:58:18	/budimandjatmiko/status/773883161776263168	1	1	0
763889670396620801	2016-08-12 00:07:44	/budimandjatmiko/status/763889670396620801	6	3	8
759055308849242112	2016-07-29 15:57:42	/budimandjatmiko/status/759055308849242112	1	1	4
752145634308726784	2016-07-10 14:21:08	/budimandjatmiko/status/752145634308726784	2	0	1
752124864840933376	2016-07-10 12:58:36	/budimandjatmiko/status/752124864840933376	3	0	6
748430436724989959	2016-06-30 08:18:15	/budimandjatmiko/status/748430436724989959	3	1	6
740460278651977728	2016-06-08 08:27:42	/budimandjatmiko/status/740460278651977728	3	0	2
728938064563699712	2016-05-07 13:22:32	/budimandjatmiko/status/728938064563699712	9	1	12
726823046586081280	2016-05-01 17:18:12	/budimandjatmiko/status/726823046586081280	2	0	3
722425455370842113	2016-04-19 14:03:45	/budimandjatmiko/status/722425455370842113	2	2	0
720154107663687680	2016-04-13 07:38:13	/budimandjatmiko/status/720154107663687680	0	0	0
719078073564442626	2016-04-10 08:22:27	/budimandjatmiko/status/719078073564442626	1	1	4
719025206908424192	2016-04-10 04:52:22	/budimandjatmiko/status/719025206908424192	3	2	5
716168456110870528	2016-04-02 07:40:40	/budimandjatmiko/status/716168456110870528	30	10	35
708917995515416577	2016-03-13 07:29:55	/budimandjatmiko/status/708917995515416577	3	1	5
707122913564971008	2016-03-08 08:36:54	/budimandjatmiko/status/707122913564971008	2	1	2
703827603182858240	2016-02-28 06:22:31	/budimandjatmiko/status/703827603182858240	9	7	15
703517780524421121	2016-02-27 09:51:24	/budimandjatmiko/status/703517780524421121	3	2	8
702450205677891584	2016-02-24 11:09:14	/budimandjatmiko/status/702450205677891584	1	1	0
698759779318038528	2016-02-14 06:44:48	/budimandjatmiko/status/698759779318038528	4	1	1
28764930835	2010-10-26 06:10:30	/budimandjatmiko/status/28764930835	0	0	0
28566880497	2010-10-24 04:58:35	/budimandjatmiko/status/28566880497	0	0	0
28565090816	2010-10-24 04:31:22	/budimandjatmiko/status/28565090816	0	0	0
28390083551	2010-10-22 10:04:57	/budimandjatmiko/status/28390083551	1	0	0
28386199708	2010-10-22 08:47:49	/budimandjatmiko/status/28386199708	0	0	1
28383760921	2010-10-22 07:55:01	/budimandjatmiko/status/28383760921	0	0	0
28362655303	2010-10-22 01:51:30	/budimandjatmiko/status/28362655303	0	0	0
27604229626	2010-10-17 03:55:26	/budimandjatmiko/status/27604229626	0	0	0
27000429673	2010-10-11 03:45:10	/budimandjatmiko/status/27000429673	0	0	0
26899806161	2010-10-10 02:46:33	/budimandjatmiko/status/26899806161	0	0	1
26829446922	2010-10-09 09:27:00	/budimandjatmiko/status/26829446922	0	0	1
26742482525	2010-10-08 12:14:35	/budimandjatmiko/status/26742482525	0	0	0
26348836109	2010-10-04 10:05:54	/budimandjatmiko/status/26348836109	0	0	0
26108494163	2010-10-01 19:24:39	/budimandjatmiko/status/26108494163	0	0	0
25771810730	2010-09-28 10:15:17	/budimandjatmiko/status/25771810730	0	0	0
25577989772	2010-09-26 10:00:54	/budimandjatmiko/status/25577989772	0	0	1
25463605622	2010-09-25 02:54:34	/budimandjatmiko/status/25463605622	0	0	0
25462965772	2010-09-25 02:45:58	/budimandjatmiko/status/25462965772	0	0	1
25296073396	2010-09-23 10:49:01	/budimandjatmiko/status/25296073396	0	0	0
24939568569	2010-09-19 14:37:36	/budimandjatmiko/status/24939568569	0	0	0
28764930835	2010-10-26 06:10:30	/budimandjatmiko/status/28764930835	0	0	0
28566880497	2010-10-24 04:58:35	/budimandjatmiko/status/28566880497	0	0	0
28565090816	2010-10-24 04:31:22	/budimandjatmiko/status/28565090816	0	0	0
28390083551	2010-10-22 10:04:57	/budimandjatmiko/status/28390083551	1	0	0
28386199708	2010-10-22 08:47:49	/budimandjatmiko/status/28386199708	0	0	1
28383760921	2010-10-22 07:55:01	/budimandjatmiko/status/28383760921	0	0	0
28362655303	2010-10-22 01:51:30	/budimandjatmiko/status/28362655303	0	0	0
27604229626	2010-10-17 03:55:26	/budimandjatmiko/status/27604229626	0	0	0
27000429673	2010-10-11 03:45:10	/budimandjatmiko/status/27000429673	0	0	0
26899806161	2010-10-10 02:46:33	/budimandjatmiko/status/26899806161	0	0	1
26829446922	2010-10-09 09:27:00	/budimandjatmiko/status/26829446922	0	0	1
26742482525	2010-10-08 12:14:35	/budimandjatmiko/status/26742482525	0	0	0
26348836109	2010-10-04 10:05:54	/budimandjatmiko/status/26348836109	0	0	0
26108494163	2010-10-01 19:24:39	/budimandjatmiko/status/26108494163	0	0	0
25771810730	2010-09-28 10:15:17	/budimandjatmiko/status/25771810730	0	0	0
25577989772	2010-09-26 10:00:54	/budimandjatmiko/status/25577989772	0	0	1
25463605622	2010-09-25 02:54:34	/budimandjatmiko/status/25463605622	0	0	0
25462965772	2010-09-25 02:45:58	/budimandjatmiko/status/25462965772	0	0	1
25296073396	2010-09-23 10:49:01	/budimandjatmiko/status/25296073396	0	0	0
24939568569	2010-09-19 14:37:36	/budimandjatmiko/status/24939568569	0	0	0
24718606030	2010-09-17 01:58:40	/budimandjatmiko/status/24718606030	0	0	0
24549402897	2010-09-15 07:11:26	/budimandjatmiko/status/24549402897	0	0	0
23226838304	2010-09-07 10:46:08	/budimandjatmiko/status/23226838304	0	0	0
23223716239	2010-09-07 09:42:00	/budimandjatmiko/status/23223716239	0	0	1
23165761452	2010-09-06 18:02:09	/budimandjatmiko/status/23165761452	0	0	0
23074918324	2010-09-05 17:16:33	/budimandjatmiko/status/23074918324	0	0	0
23067442751	2010-09-05 15:32:06	/budimandjatmiko/status/23067442751	0	0	0
23065384061	2010-09-05 15:06:47	/budimandjatmiko/status/23065384061	0	0	0
22999325610	2010-09-04 19:24:55	/budimandjatmiko/status/22999325610	0	0	0
22998891130	2010-09-04 19:17:31	/budimandjatmiko/status/22998891130	0	0	0
22973235724	2010-09-04 12:47:36	/budimandjatmiko/status/22973235724	0	0	0
22970659756	2010-09-04 12:03:39	/budimandjatmiko/status/22970659756	0	0	0
22863883789	2010-09-03 05:48:43	/budimandjatmiko/status/22863883789	0	0	0
1041515623136866306	2018-09-17 02:34:09	/budimandjatmiko/status/1041515623136866306	12	4	4
1038348300032737282	2018-09-08 08:48:20	/budimandjatmiko/status/1038348300032737282	76	15	35
1033212034018500608	2018-08-25 04:38:39	/budimandjatmiko/status/1033212034018500608	10	2	4
1031335529059479552	2018-08-20 00:22:06	/budimandjatmiko/status/1031335529059479552	9	2	3
1028277936669908992	2018-08-11 13:52:19	/budimandjatmiko/status/1028277936669908992	25	2	10
1028268800620154880	2018-08-11 13:16:01	/budimandjatmiko/status/1028268800620154880	1	1	1
1028261268493197317	2018-08-11 12:46:05	/budimandjatmiko/status/1028261268493197317	174	29	87
1026165217565130754	2018-08-05 17:57:07	/budimandjatmiko/status/1026165217565130754	3	1	2
1026160346451460096	2018-08-05 17:37:46	/budimandjatmiko/status/1026160346451460096	91	13	35
1025709183264419840	2018-08-04 11:45:00	/budimandjatmiko/status/1025709183264419840	35	5	15
1023427671001186306	2018-07-29 04:39:05	/budimandjatmiko/status/1023427671001186306	6	2	5
1019274990686879744	2018-07-17 17:37:49	/budimandjatmiko/status/1019274990686879744	23	0	5
1017429791987810309	2018-07-12 15:25:39	/budimandjatmiko/status/1017429791987810309	13	2	5
1011672360691175424	2018-06-26 18:07:41	/budimandjatmiko/status/1011672360691175424	6	8	7
998816534679044096	2018-05-22 06:43:13	/budimandjatmiko/status/998816534679044096	16	1	7
998469606086922240	2018-05-21 07:44:39	/budimandjatmiko/status/998469606086922240	44	8	14
995123109895127040	2018-05-12 02:06:52	/budimandjatmiko/status/995123109895127040	5	1	4
992071440391327744	2018-05-03 16:00:37	/budimandjatmiko/status/992071440391327744	7	0	0
988671098857447424	2018-04-24 06:48:53	/budimandjatmiko/status/988671098857447424	15	8	2
987343530254217216	2018-04-20 14:53:36	/budimandjatmiko/status/987343530254217216	20	2	6
1041515623136866306	2018-09-17 02:34:09	/budimandjatmiko/status/1041515623136866306	12	4	4
1038348300032737282	2018-09-08 08:48:20	/budimandjatmiko/status/1038348300032737282	76	15	35
1033212034018500608	2018-08-25 04:38:39	/budimandjatmiko/status/1033212034018500608	10	2	4
1031335529059479552	2018-08-20 00:22:06	/budimandjatmiko/status/1031335529059479552	9	2	3
1028277936669908992	2018-08-11 13:52:19	/budimandjatmiko/status/1028277936669908992	25	2	10
1028268800620154880	2018-08-11 13:16:01	/budimandjatmiko/status/1028268800620154880	1	1	1
1028261268493197317	2018-08-11 12:46:05	/budimandjatmiko/status/1028261268493197317	174	29	87
1026165217565130754	2018-08-05 17:57:07	/budimandjatmiko/status/1026165217565130754	3	1	2
1026160346451460096	2018-08-05 17:37:46	/budimandjatmiko/status/1026160346451460096	91	13	35
1025709183264419840	2018-08-04 11:45:00	/budimandjatmiko/status/1025709183264419840	35	5	15
1023427671001186306	2018-07-29 04:39:05	/budimandjatmiko/status/1023427671001186306	6	2	5
1019274990686879744	2018-07-17 17:37:49	/budimandjatmiko/status/1019274990686879744	23	0	5
1017429791987810309	2018-07-12 15:25:39	/budimandjatmiko/status/1017429791987810309	13	2	5
1011672360691175424	2018-06-26 18:07:41	/budimandjatmiko/status/1011672360691175424	6	8	7
998816534679044096	2018-05-22 06:43:13	/budimandjatmiko/status/998816534679044096	16	1	7
998469606086922240	2018-05-21 07:44:39	/budimandjatmiko/status/998469606086922240	44	8	14
995123109895127040	2018-05-12 02:06:52	/budimandjatmiko/status/995123109895127040	5	1	4
992071440391327744	2018-05-03 16:00:37	/budimandjatmiko/status/992071440391327744	7	0	0
988671098857447424	2018-04-24 06:48:53	/budimandjatmiko/status/988671098857447424	15	8	2
987343530254217216	2018-04-20 14:53:36	/budimandjatmiko/status/987343530254217216	20	2	6
983232658212667403	2018-04-09 06:38:27	/budimandjatmiko/status/983232658212667403	11	9	7
973786462440259584	2018-03-14 05:02:39	/budimandjatmiko/status/973786462440259584	73	13	21
963777161336299521	2018-02-14 14:09:16	/budimandjatmiko/status/963777161336299521	4	11	8
962549190579515393	2018-02-11 04:49:44	/budimandjatmiko/status/962549190579515393	16	3	6
960208741785202688	2018-02-04 17:49:38	/budimandjatmiko/status/960208741785202688	9	4	5
959718829029933057	2018-02-03 09:22:54	/budimandjatmiko/status/959718829029933057	341	49	128
172549201610289152	2012-02-23 05:11:50	/budimandjatmiko/status/172549201610289152	0	1	2
167943780249505792	2012-02-10 12:11:32	/budimandjatmiko/status/167943780249505792	0	0	0
161982682564268032	2012-01-25 01:24:15	/budimandjatmiko/status/161982682564268032	0	1	1
161039386060931072	2012-01-22 10:55:56	/budimandjatmiko/status/161039386060931072	0	3	2
160191259242274816	2012-01-20 02:45:47	/budimandjatmiko/status/160191259242274816	0	0	0
160189811616002048	2012-01-20 02:40:01	/budimandjatmiko/status/160189811616002048	0	0	1
159960792572235776	2012-01-19 11:29:59	/budimandjatmiko/status/159960792572235776	0	1	1
159957640275968000	2012-01-19 11:17:27	/budimandjatmiko/status/159957640275968000	1	0	0
157663713682407425	2012-01-13 03:22:13	/budimandjatmiko/status/157663713682407425	0	6	2
156547874191192064	2012-01-10 01:28:16	/budimandjatmiko/status/156547874191192064	0	0	0
151880386480312320	2011-12-28 04:21:20	/budimandjatmiko/status/151880386480312320	0	1	1
151878004778348544	2011-12-28 04:11:52	/budimandjatmiko/status/151878004778348544	0	3	3
151877619191779328	2011-12-28 04:10:20	/budimandjatmiko/status/151877619191779328	0	1	0
151877283806842880	2011-12-28 04:09:00	/budimandjatmiko/status/151877283806842880	0	1	1
151335580289073153	2011-12-26 16:16:28	/budimandjatmiko/status/151335580289073153	0	2	9
151334970860908545	2011-12-26 16:14:03	/budimandjatmiko/status/151334970860908545	1	2	15
151174924747292674	2011-12-26 05:38:05	/budimandjatmiko/status/151174924747292674	0	1	1
150397265339625472	2011-12-24 02:07:56	/budimandjatmiko/status/150397265339625472	0	1	3
146277172762513409	2011-12-12 17:16:10	/budimandjatmiko/status/146277172762513409	0	1	0
146201369819361280	2011-12-12 12:14:57	/budimandjatmiko/status/146201369819361280	1	3	6
172549201610289152	2012-02-23 05:11:50	/budimandjatmiko/status/172549201610289152	0	1	2
167943780249505792	2012-02-10 12:11:32	/budimandjatmiko/status/167943780249505792	0	0	0
161982682564268032	2012-01-25 01:24:15	/budimandjatmiko/status/161982682564268032	0	1	1
161039386060931072	2012-01-22 10:55:56	/budimandjatmiko/status/161039386060931072	0	3	2
160191259242274816	2012-01-20 02:45:47	/budimandjatmiko/status/160191259242274816	0	0	0
160189811616002048	2012-01-20 02:40:01	/budimandjatmiko/status/160189811616002048	0	0	1
159960792572235776	2012-01-19 11:29:59	/budimandjatmiko/status/159960792572235776	0	1	1
159957640275968000	2012-01-19 11:17:27	/budimandjatmiko/status/159957640275968000	1	0	0
157663713682407425	2012-01-13 03:22:13	/budimandjatmiko/status/157663713682407425	0	6	2
156547874191192064	2012-01-10 01:28:16	/budimandjatmiko/status/156547874191192064	0	0	0
151880386480312320	2011-12-28 04:21:20	/budimandjatmiko/status/151880386480312320	0	1	1
151878004778348544	2011-12-28 04:11:52	/budimandjatmiko/status/151878004778348544	0	3	3
151877619191779328	2011-12-28 04:10:20	/budimandjatmiko/status/151877619191779328	0	1	0
151877283806842880	2011-12-28 04:09:00	/budimandjatmiko/status/151877283806842880	0	1	1
151335580289073153	2011-12-26 16:16:28	/budimandjatmiko/status/151335580289073153	0	2	9
151334970860908545	2011-12-26 16:14:03	/budimandjatmiko/status/151334970860908545	1	2	15
151174924747292674	2011-12-26 05:38:05	/budimandjatmiko/status/151174924747292674	0	1	1
150397265339625472	2011-12-24 02:07:56	/budimandjatmiko/status/150397265339625472	0	1	3
146277172762513409	2011-12-12 17:16:10	/budimandjatmiko/status/146277172762513409	0	1	0
146201369819361280	2011-12-12 12:14:57	/budimandjatmiko/status/146201369819361280	1	3	6
145427177222057984	2011-12-10 08:58:35	/budimandjatmiko/status/145427177222057984	0	0	0
143610487546974208	2011-12-05 08:39:43	/budimandjatmiko/status/143610487546974208	0	0	0
143608301370871808	2011-12-05 08:31:01	/budimandjatmiko/status/143608301370871808	0	2	0
142086731041214464	2011-12-01 03:44:51	/budimandjatmiko/status/142086731041214464	0	0	2
139899679851806722	2011-11-25 02:54:17	/budimandjatmiko/status/139899679851806722	0	0	1
135357464358035456	2011-11-12 14:05:08	/budimandjatmiko/status/135357464358035456	0	3	0
133369152864927745	2011-11-07 02:24:18	/budimandjatmiko/status/133369152864927745	0	1	1
129933646135169024	2011-10-28 14:52:49	/budimandjatmiko/status/129933646135169024	2	3	4
128652934807437312	2011-10-25 02:03:44	/budimandjatmiko/status/128652934807437312	0	2	0
126885420016472064	2011-10-20 05:00:16	/budimandjatmiko/status/126885420016472064	0	0	0
126643801560317952	2011-10-19 13:00:09	/budimandjatmiko/status/126643801560317952	0	2	0
126115631232860160	2011-10-18 02:01:24	/budimandjatmiko/status/126115631232860160	0	0	0
110867903699615744	2011-09-06 00:12:22	/budimandjatmiko/status/110867903699615744	2	3	2
98728469344698368	2011-08-03 12:14:36	/budimandjatmiko/status/98728469344698368	0	2	0
98725607902420992	2011-08-03 12:03:13	/budimandjatmiko/status/98725607902420992	1	5	15
96774472572477440	2011-07-29 02:50:06	/budimandjatmiko/status/96774472572477440	0	0	0
94219003731525632	2011-07-22 01:35:35	/budimandjatmiko/status/94219003731525632	0	0	1
93557787195478016	2011-07-20 05:48:09	/budimandjatmiko/status/93557787195478016	0	2	0
1133984312712282112	2019-05-30 06:31:43	/budimandjatmiko/status/1133984312712282112	588	31	238
1133620601782804480	2019-05-29 06:26:27	/budimandjatmiko/status/1133620601782804480	8	2	0
1129702378704211969	2019-05-18 10:56:50	/budimandjatmiko/status/1129702378704211969	91	22	12
1128685323251093510	2019-05-15 15:35:25	/budimandjatmiko/status/1128685323251093510	267	22	22
1128577473375899648	2019-05-15 08:26:52	/budimandjatmiko/status/1128577473375899648	38	13	2
1124488652027879424	2019-05-04 01:39:21	/budimandjatmiko/status/1124488652027879424	516	32	116
1124480834528878593	2019-05-04 01:08:17	/budimandjatmiko/status/1124480834528878593	179	5	64
1124476982358462464	2019-05-04 00:52:59	/budimandjatmiko/status/1124476982358462464	182	6	68
1124213182279458816	2019-05-03 07:24:44	/budimandjatmiko/status/1124213182279458816	567	105	215
1122870765504749568	2019-04-29 14:30:27	/budimandjatmiko/status/1122870765504749568	54	14	22
1121995473890369536	2019-04-27 04:32:21	/budimandjatmiko/status/1121995473890369536	29	2	6
1121983653209235456	2019-04-27 03:45:23	/budimandjatmiko/status/1121983653209235456	69	10	7
1109077032892157952	2019-03-22 12:59:04	/budimandjatmiko/status/1109077032892157952	105	1	31
1109071037965033473	2019-03-22 12:35:15	/budimandjatmiko/status/1109071037965033473	129	3	32
1104784230083510272	2019-03-10 16:41:01	/budimandjatmiko/status/1104784230083510272	199	56	41
1102088831023476736	2019-03-03 06:10:27	/budimandjatmiko/status/1102088831023476736	3988	622	2208
1100361910703206407	2019-02-26 11:48:17	/budimandjatmiko/status/1100361910703206407	33	4	8
1099482051919527936	2019-02-24 01:32:03	/budimandjatmiko/status/1099482051919527936	1444	593	704
1096302774487109632	2019-02-15 06:58:44	/budimandjatmiko/status/1096302774487109632	66	2	26
1094384669305393153	2019-02-09 23:56:52	/budimandjatmiko/status/1094384669305393153	35	4	4
1133984312712282112	2019-05-30 06:31:43	/budimandjatmiko/status/1133984312712282112	588	31	238
1133620601782804480	2019-05-29 06:26:27	/budimandjatmiko/status/1133620601782804480	8	2	0
1129702378704211969	2019-05-18 10:56:50	/budimandjatmiko/status/1129702378704211969	91	22	12
1128685323251093510	2019-05-15 15:35:25	/budimandjatmiko/status/1128685323251093510	267	22	22
1128577473375899648	2019-05-15 08:26:52	/budimandjatmiko/status/1128577473375899648	38	13	2
1124488652027879424	2019-05-04 01:39:21	/budimandjatmiko/status/1124488652027879424	516	32	116
1124480834528878593	2019-05-04 01:08:17	/budimandjatmiko/status/1124480834528878593	179	5	64
1124476982358462464	2019-05-04 00:52:59	/budimandjatmiko/status/1124476982358462464	182	6	68
1124213182279458816	2019-05-03 07:24:44	/budimandjatmiko/status/1124213182279458816	567	105	215
1122870765504749568	2019-04-29 14:30:27	/budimandjatmiko/status/1122870765504749568	54	14	22
1121995473890369536	2019-04-27 04:32:21	/budimandjatmiko/status/1121995473890369536	29	2	6
1121983653209235456	2019-04-27 03:45:23	/budimandjatmiko/status/1121983653209235456	69	10	7
1109077032892157952	2019-03-22 12:59:04	/budimandjatmiko/status/1109077032892157952	104	1	31
1109071037965033473	2019-03-22 12:35:15	/budimandjatmiko/status/1109071037965033473	128	3	32
1104784230083510272	2019-03-10 16:41:01	/budimandjatmiko/status/1104784230083510272	199	56	41
1102088831023476736	2019-03-03 06:10:27	/budimandjatmiko/status/1102088831023476736	3988	622	2208
1100361910703206407	2019-02-26 11:48:17	/budimandjatmiko/status/1100361910703206407	33	4	8
1099482051919527936	2019-02-24 01:32:03	/budimandjatmiko/status/1099482051919527936	1444	593	704
1096302774487109632	2019-02-15 06:58:44	/budimandjatmiko/status/1096302774487109632	66	2	26
1094384669305393153	2019-02-09 23:56:52	/budimandjatmiko/status/1094384669305393153	35	4	4
1091944898775793664	2019-02-03 06:22:05	/budimandjatmiko/status/1091944898775793664	49	10	19
1088600410410049536	2019-01-25 00:52:17	/budimandjatmiko/status/1088600410410049536	0	1	0
1088500015884947456	2019-01-24 18:13:21	/budimandjatmiko/status/1088500015884947456	1	2	1
1085945204266487808	2019-01-17 17:01:27	/budimandjatmiko/status/1085945204266487808	94	13	29
1083302502919856129	2019-01-10 10:00:18	/budimandjatmiko/status/1083302502919856129	1	0	2
1083301027200167936	2019-01-10 09:54:26	/budimandjatmiko/status/1083301027200167936	2	3	0
1081590694748205056	2019-01-05 16:38:11	/budimandjatmiko/status/1081590694748205056	17	7	7
1079975372152696832	2019-01-01 05:39:28	/budimandjatmiko/status/1079975372152696832	13	4	5
1076843002453061632	2018-12-23 14:12:33	/budimandjatmiko/status/1076843002453061632	161	15	45
1074174535467855872	2018-12-16 05:29:01	/budimandjatmiko/status/1074174535467855872	110	23	22
1066315770303438850	2018-11-24 13:01:05	/budimandjatmiko/status/1066315770303438850	76	5	16
1066021168749019136	2018-11-23 17:30:27	/budimandjatmiko/status/1066021168749019136	519	37	203
1064725854620549121	2018-11-20 03:43:20	/budimandjatmiko/status/1064725854620549121	136	7	47
1059607531297767424	2018-11-06 00:44:56	/budimandjatmiko/status/1059607531297767424	809	62	499
1053870076200251393	2018-10-21 04:46:20	/budimandjatmiko/status/1053870076200251393	52	7	16
260577834614026240	2012-10-23 03:06:11	/budimandjatmiko/status/260577834614026240	1	1	5
258229301273587712	2012-10-16 15:33:57	/budimandjatmiko/status/258229301273587712	0	2	2
246834569356132352	2012-09-15 04:55:21	/budimandjatmiko/status/246834569356132352	0	20	2
246782335884861440	2012-09-15 01:27:48	/budimandjatmiko/status/246782335884861440	1	3	0
237385818073886720	2012-08-20 03:09:24	/budimandjatmiko/status/237385818073886720	0	0	0
234305453029466114	2012-08-11 15:09:07	/budimandjatmiko/status/234305453029466114	0	1	0
232881898945400832	2012-08-07 16:52:26	/budimandjatmiko/status/232881898945400832	0	2	0
231803890620833795	2012-08-04 17:28:48	/budimandjatmiko/status/231803890620833795	1	2	2
231628321924976640	2012-08-04 05:51:10	/budimandjatmiko/status/231628321924976640	1	0	1
230896403063398400	2012-08-02 05:22:46	/budimandjatmiko/status/230896403063398400	0	2	1
229431404243591168	2012-07-29 04:21:24	/budimandjatmiko/status/229431404243591168	0	1	4
229430515864846336	2012-07-29 04:17:52	/budimandjatmiko/status/229430515864846336	0	5	0
229426814102167552	2012-07-29 04:03:09	/budimandjatmiko/status/229426814102167552	2	9	13
229424451673010177	2012-07-29 03:53:46	/budimandjatmiko/status/229424451673010177	1	5	25
229424155219603457	2012-07-29 03:52:35	/budimandjatmiko/status/229424155219603457	3	2	27
228902913991405568	2012-07-27 17:21:22	/budimandjatmiko/status/228902913991405568	0	2	0
227429374557822977	2012-07-23 15:46:02	/budimandjatmiko/status/227429374557822977	0	1	4
227426622180048896	2012-07-23 15:35:06	/budimandjatmiko/status/227426622180048896	0	1	4
227425013391843328	2012-07-23 15:28:43	/budimandjatmiko/status/227425013391843328	0	2	10
221126297873678340	2012-07-06 06:19:52	/budimandjatmiko/status/221126297873678340	0	0	0
260577834614026240	2012-10-23 03:06:11	/budimandjatmiko/status/260577834614026240	1	1	5
258229301273587712	2012-10-16 15:33:57	/budimandjatmiko/status/258229301273587712	0	2	2
246834569356132352	2012-09-15 04:55:21	/budimandjatmiko/status/246834569356132352	0	20	2
246782335884861440	2012-09-15 01:27:48	/budimandjatmiko/status/246782335884861440	1	3	0
237385818073886720	2012-08-20 03:09:24	/budimandjatmiko/status/237385818073886720	0	0	0
234305453029466114	2012-08-11 15:09:07	/budimandjatmiko/status/234305453029466114	0	1	0
232881898945400832	2012-08-07 16:52:26	/budimandjatmiko/status/232881898945400832	0	2	0
231803890620833795	2012-08-04 17:28:48	/budimandjatmiko/status/231803890620833795	1	2	2
231628321924976640	2012-08-04 05:51:10	/budimandjatmiko/status/231628321924976640	1	0	1
230896403063398400	2012-08-02 05:22:46	/budimandjatmiko/status/230896403063398400	0	2	1
229431404243591168	2012-07-29 04:21:24	/budimandjatmiko/status/229431404243591168	0	1	4
229430515864846336	2012-07-29 04:17:52	/budimandjatmiko/status/229430515864846336	0	5	0
229426814102167552	2012-07-29 04:03:09	/budimandjatmiko/status/229426814102167552	2	9	13
229424451673010177	2012-07-29 03:53:46	/budimandjatmiko/status/229424451673010177	1	5	25
229424155219603457	2012-07-29 03:52:35	/budimandjatmiko/status/229424155219603457	3	2	27
228902913991405568	2012-07-27 17:21:22	/budimandjatmiko/status/228902913991405568	0	2	0
227429374557822977	2012-07-23 15:46:02	/budimandjatmiko/status/227429374557822977	0	1	4
227426622180048896	2012-07-23 15:35:06	/budimandjatmiko/status/227426622180048896	0	1	4
227425013391843328	2012-07-23 15:28:43	/budimandjatmiko/status/227425013391843328	0	2	10
221126297873678340	2012-07-06 06:19:52	/budimandjatmiko/status/221126297873678340	0	0	0
213871546580738049	2012-06-16 05:52:04	/budimandjatmiko/status/213871546580738049	1	1	0
213870623586390017	2012-06-16 05:48:24	/budimandjatmiko/status/213870623586390017	2	0	2
211649875543195650	2012-06-10 02:43:57	/budimandjatmiko/status/211649875543195650	0	1	0
206201482402467840	2012-05-26 01:53:59	/budimandjatmiko/status/206201482402467840	0	1	2
205999648584908800	2012-05-25 12:31:58	/budimandjatmiko/status/205999648584908800	0	6	0
197198844461719552	2012-05-01 05:40:42	/budimandjatmiko/status/197198844461719552	1	2	5
197197549822681089	2012-05-01 05:35:34	/budimandjatmiko/status/197197549822681089	1	0	11
189882631444369409	2012-04-11 01:08:41	/budimandjatmiko/status/189882631444369409	0	0	1
189542465617936385	2012-04-10 02:36:59	/budimandjatmiko/status/189542465617936385	0	0	0
186626567164792832	2012-04-02 01:30:15	/budimandjatmiko/status/186626567164792832	0	0	1
185325690122534912	2012-03-29 11:21:02	/budimandjatmiko/status/185325690122534912	0	2	1
185321182134931456	2012-03-29 11:03:07	/budimandjatmiko/status/185321182134931456	0	2	2
181298913830113282	2012-03-18 08:40:04	/budimandjatmiko/status/181298913830113282	0	1	0
180839974600581120	2012-03-17 02:16:24	/budimandjatmiko/status/180839974600581120	0	0	1
179209525235167232	2012-03-12 14:17:35	/budimandjatmiko/status/179209525235167232	8	4	3
178442311192162304	2012-03-10 11:28:56	/budimandjatmiko/status/178442311192162304	0	3	1
177376652639211520	2012-03-07 12:54:24	/budimandjatmiko/status/177376652639211520	0	2	0
176829538779676673	2012-03-06 00:40:22	/budimandjatmiko/status/176829538779676673	0	0	0
174861876579143680	2012-02-29 14:21:34	/budimandjatmiko/status/174861876579143680	1	3	0
174687188133478402	2012-02-29 02:47:25	/budimandjatmiko/status/174687188133478402	0	5	0
173632729596956673	2012-02-26 04:57:23	/budimandjatmiko/status/173632729596956673	0	3	1
173583908758237184	2012-02-26 01:43:23	/budimandjatmiko/status/173583908758237184	0	0	0
173578414773641216	2012-02-26 01:21:33	/budimandjatmiko/status/173578414773641216	0	0	1
346883286557147137	2013-06-18 06:53:14	/budimandjatmiko/status/346883286557147137	0	0	0
345561627178975232	2013-06-14 15:21:26	/budimandjatmiko/status/345561627178975232	0	1	1
342309559106404352	2013-06-05 15:58:53	/budimandjatmiko/status/342309559106404352	1	1	0
336143097744482304	2013-05-19 15:35:34	/budimandjatmiko/status/336143097744482304	0	11	3
336140547595059200	2013-05-19 15:25:26	/budimandjatmiko/status/336140547595059200	0	23	42
334701854787256321	2013-05-15 16:08:35	/budimandjatmiko/status/334701854787256321	0	2	1
334004232099336193	2013-05-13 17:56:29	/budimandjatmiko/status/334004232099336193	0	0	1
334001947994619904	2013-05-13 17:47:24	/budimandjatmiko/status/334001947994619904	0	1	2
332782379737440256	2013-05-10 09:01:16	/budimandjatmiko/status/332782379737440256	0	1	0
332776268795887616	2013-05-10 08:36:59	/budimandjatmiko/status/332776268795887616	1	6	0
329431323213189120	2013-05-01 03:05:22	/budimandjatmiko/status/329431323213189120	1	1	9
318622588358242304	2013-04-01 07:15:19	/budimandjatmiko/status/318622588358242304	1	3	2
316238777062416384	2013-03-25 17:22:54	/budimandjatmiko/status/316238777062416384	0	3	20
314933526648737793	2013-03-22 02:56:18	/budimandjatmiko/status/314933526648737793	0	8	7
310592035184861184	2013-03-10 03:24:46	/budimandjatmiko/status/310592035184861184	1	0	0
310086103866695680	2013-03-08 17:54:22	/budimandjatmiko/status/310086103866695680	0	4	2
310074036879257601	2013-03-08 17:06:25	/budimandjatmiko/status/310074036879257601	2	5	57
308156635484938240	2013-03-03 10:07:21	/budimandjatmiko/status/308156635484938240	0	0	0
308125648390610945	2013-03-03 08:04:13	/budimandjatmiko/status/308125648390610945	0	1	0
306797921918124033	2013-02-27 16:08:19	/budimandjatmiko/status/306797921918124033	0	1	1
346883286557147137	2013-06-18 06:53:14	/budimandjatmiko/status/346883286557147137	0	0	0
345561627178975232	2013-06-14 15:21:26	/budimandjatmiko/status/345561627178975232	0	1	1
342309559106404352	2013-06-05 15:58:53	/budimandjatmiko/status/342309559106404352	1	1	0
336143097744482304	2013-05-19 15:35:34	/budimandjatmiko/status/336143097744482304	0	11	3
336140547595059200	2013-05-19 15:25:26	/budimandjatmiko/status/336140547595059200	0	23	42
334701854787256321	2013-05-15 16:08:35	/budimandjatmiko/status/334701854787256321	0	2	1
334004232099336193	2013-05-13 17:56:29	/budimandjatmiko/status/334004232099336193	0	0	1
334001947994619904	2013-05-13 17:47:24	/budimandjatmiko/status/334001947994619904	0	1	2
332782379737440256	2013-05-10 09:01:16	/budimandjatmiko/status/332782379737440256	0	1	0
332776268795887616	2013-05-10 08:36:59	/budimandjatmiko/status/332776268795887616	1	6	0
329431323213189120	2013-05-01 03:05:22	/budimandjatmiko/status/329431323213189120	1	1	9
318622588358242304	2013-04-01 07:15:19	/budimandjatmiko/status/318622588358242304	1	3	2
316238777062416384	2013-03-25 17:22:54	/budimandjatmiko/status/316238777062416384	0	3	20
314933526648737793	2013-03-22 02:56:18	/budimandjatmiko/status/314933526648737793	0	8	7
310592035184861184	2013-03-10 03:24:46	/budimandjatmiko/status/310592035184861184	1	0	0
310086103866695680	2013-03-08 17:54:22	/budimandjatmiko/status/310086103866695680	0	4	2
310074036879257601	2013-03-08 17:06:25	/budimandjatmiko/status/310074036879257601	2	5	57
308156635484938240	2013-03-03 10:07:21	/budimandjatmiko/status/308156635484938240	0	0	0
308125648390610945	2013-03-03 08:04:13	/budimandjatmiko/status/308125648390610945	0	1	0
306797921918124033	2013-02-27 16:08:19	/budimandjatmiko/status/306797921918124033	0	1	1
305702959226953728	2013-02-24 15:37:19	/budimandjatmiko/status/305702959226953728	0	5	1
303445972120379392	2013-02-18 10:08:52	/budimandjatmiko/status/303445972120379392	0	1	8
302955291396427776	2013-02-17 01:39:04	/budimandjatmiko/status/302955291396427776	0	1	1
302209956227211264	2013-02-15 00:17:23	/budimandjatmiko/status/302209956227211264	0	0	0
295154754961698816	2013-01-26 13:02:31	/budimandjatmiko/status/295154754961698816	1	0	1
288704355723513856	2013-01-08 17:50:56	/budimandjatmiko/status/288704355723513856	1	0	7
288595386413760513	2013-01-08 10:37:56	/budimandjatmiko/status/288595386413760513	3	1	4
285288993355100160	2012-12-30 07:39:31	/budimandjatmiko/status/285288993355100160	0	2	2
283892320812793856	2012-12-26 11:09:38	/budimandjatmiko/status/283892320812793856	0	2	0
283374953611530241	2012-12-25 00:53:48	/budimandjatmiko/status/283374953611530241	0	3	1
281966598812733440	2012-12-21 03:37:30	/budimandjatmiko/status/281966598812733440	1	0	0
279069143922257920	2012-12-13 03:44:03	/budimandjatmiko/status/279069143922257920	2	3	2
278542089363533824	2012-12-11 16:49:43	/budimandjatmiko/status/278542089363533824	0	0	1
278330571506196480	2012-12-11 02:49:14	/budimandjatmiko/status/278330571506196480	0	1	0
277693351535452162	2012-12-09 08:37:08	/budimandjatmiko/status/277693351535452162	0	0	1
277691489604222977	2012-12-09 08:29:45	/budimandjatmiko/status/277691489604222977	1	3	1
273242279039365120	2012-11-27 01:50:10	/budimandjatmiko/status/273242279039365120	0	2	3
268209043905073153	2012-11-13 04:29:53	/budimandjatmiko/status/268209043905073153	0	1	0
266713826475536386	2012-11-09 01:28:26	/budimandjatmiko/status/266713826475536386	0	1	1
265389058975477760	2012-11-05 09:44:17	/budimandjatmiko/status/265389058975477760	1	2	9
260928191353475072	2012-10-24 02:18:23	/budimandjatmiko/status/260928191353475072	0	4	3
260926675531997185	2012-10-24 02:12:21	/budimandjatmiko/status/260926675531997185	0	7	1
518728147823378432	2014-10-05 11:43:22	/budimandjatmiko/status/518728147823378432	8	13	26
516425799012855808	2014-09-29 03:14:39	/budimandjatmiko/status/516425799012855808	2	3	0
515830243827781633	2014-09-27 11:48:08	/budimandjatmiko/status/515830243827781633	3	2	9
515745155970650112	2014-09-27 06:10:01	/budimandjatmiko/status/515745155970650112	10	12	17
514339306484166656	2014-09-23 09:03:41	/budimandjatmiko/status/514339306484166656	1	1	1
498160875073581056	2014-08-09 17:36:22	/budimandjatmiko/status/498160875073581056	0	1	0
498160627458666496	2014-08-09 17:35:23	/budimandjatmiko/status/498160627458666496	0	0	0
497336552570101763	2014-08-07 11:00:48	/budimandjatmiko/status/497336552570101763	1	3	3
496465027960799234	2014-08-05 01:17:41	/budimandjatmiko/status/496465027960799234	1	0	1
495832050595676160	2014-08-03 07:22:27	/budimandjatmiko/status/495832050595676160	0	2	1
495087120646549504	2014-08-01 06:02:22	/budimandjatmiko/status/495087120646549504	1	13	5
493272395046596608	2014-07-27 05:51:18	/budimandjatmiko/status/493272395046596608	0	0	0
493245254925942785	2014-07-27 04:03:27	/budimandjatmiko/status/493245254925942785	0	1	0
492977829181521920	2014-07-26 10:20:48	/budimandjatmiko/status/492977829181521920	7	17	14
490539512481583104	2014-07-19 16:51:48	/budimandjatmiko/status/490539512481583104	0	0	1
485122712298209280	2014-07-04 18:07:22	/budimandjatmiko/status/485122712298209280	10	22	41
482971729052979201	2014-06-28 19:40:08	/budimandjatmiko/status/482971729052979201	1	3	3
482150247095746561	2014-06-26 13:15:51	/budimandjatmiko/status/482150247095746561	1	5	3
482145704282816512	2014-06-26 12:57:48	/budimandjatmiko/status/482145704282816512	2	3	3
480323895791079424	2014-06-21 12:18:35	/budimandjatmiko/status/480323895791079424	0	5	2
518728147823378432	2014-10-05 11:43:22	/budimandjatmiko/status/518728147823378432	8	13	26
516425799012855808	2014-09-29 03:14:39	/budimandjatmiko/status/516425799012855808	2	3	0
515830243827781633	2014-09-27 11:48:08	/budimandjatmiko/status/515830243827781633	3	2	9
515745155970650112	2014-09-27 06:10:01	/budimandjatmiko/status/515745155970650112	10	12	17
514339306484166656	2014-09-23 09:03:41	/budimandjatmiko/status/514339306484166656	1	1	1
498160875073581056	2014-08-09 17:36:22	/budimandjatmiko/status/498160875073581056	0	1	0
498160627458666496	2014-08-09 17:35:23	/budimandjatmiko/status/498160627458666496	0	0	0
497336552570101763	2014-08-07 11:00:48	/budimandjatmiko/status/497336552570101763	1	3	3
496465027960799234	2014-08-05 01:17:41	/budimandjatmiko/status/496465027960799234	1	0	1
495832050595676160	2014-08-03 07:22:27	/budimandjatmiko/status/495832050595676160	0	2	1
495087120646549504	2014-08-01 06:02:22	/budimandjatmiko/status/495087120646549504	1	13	5
493272395046596608	2014-07-27 05:51:18	/budimandjatmiko/status/493272395046596608	0	0	0
493245254925942785	2014-07-27 04:03:27	/budimandjatmiko/status/493245254925942785	0	1	0
492977829181521920	2014-07-26 10:20:48	/budimandjatmiko/status/492977829181521920	7	17	14
490539512481583104	2014-07-19 16:51:48	/budimandjatmiko/status/490539512481583104	0	0	1
485122712298209280	2014-07-04 18:07:22	/budimandjatmiko/status/485122712298209280	10	22	41
482971729052979201	2014-06-28 19:40:08	/budimandjatmiko/status/482971729052979201	1	3	3
482150247095746561	2014-06-26 13:15:51	/budimandjatmiko/status/482150247095746561	1	5	3
482145704282816512	2014-06-26 12:57:48	/budimandjatmiko/status/482145704282816512	2	3	3
480323895791079424	2014-06-21 12:18:35	/budimandjatmiko/status/480323895791079424	0	5	2
478975236541386752	2014-06-17 18:59:29	/budimandjatmiko/status/478975236541386752	1	5	6
474134318944493568	2014-06-04 10:23:25	/budimandjatmiko/status/474134318944493568	2	10	9
472623999348772864	2014-05-31 06:21:57	/budimandjatmiko/status/472623999348772864	2	5	2
470806495865499648	2014-05-26 05:59:50	/budimandjatmiko/status/470806495865499648	2	2	0
462426521949315072	2014-05-03 03:00:48	/budimandjatmiko/status/462426521949315072	0	0	0
461796537912156160	2014-05-01 09:17:29	/budimandjatmiko/status/461796537912156160	1	3	1
461759781779169280	2014-05-01 06:51:25	/budimandjatmiko/status/461759781779169280	5	0	2
461529367005245440	2014-04-30 15:35:50	/budimandjatmiko/status/461529367005245440	1	3	8
457387427254902784	2014-04-19 05:17:15	/budimandjatmiko/status/457387427254902784	0	2	2
455308291065643008	2014-04-13 11:35:30	/budimandjatmiko/status/455308291065643008	0	9	8
455207847291146240	2014-04-13 04:56:22	/budimandjatmiko/status/455207847291146240	0	1	1
455060881949216768	2014-04-12 19:12:23	/budimandjatmiko/status/455060881949216768	0	3	1
454857640468705280	2014-04-12 05:44:46	/budimandjatmiko/status/454857640468705280	1	3	3
452431076305027072	2014-04-05 13:02:29	/budimandjatmiko/status/452431076305027072	1	0	3
452315544541081601	2014-04-05 05:23:24	/budimandjatmiko/status/452315544541081601	0	2	2
451431891048988672	2014-04-02 18:52:04	/budimandjatmiko/status/451431891048988672	0	2	2
447455848613171200	2014-03-22 19:32:42	/budimandjatmiko/status/447455848613171200	4	1	2
445102832522256385	2014-03-16 07:42:39	/budimandjatmiko/status/445102832522256385	1	2	4
445054627214393344	2014-03-16 04:31:06	/budimandjatmiko/status/445054627214393344	0	1	0
441062812719120384	2014-03-05 04:09:03	/budimandjatmiko/status/441062812719120384	0	1	2
439953801974255616	2014-03-02 02:42:14	/budimandjatmiko/status/439953801974255616	1	2	1
439617943924531200	2014-03-01 04:27:40	/budimandjatmiko/status/439617943924531200	1	1	1
438519876005535744	2014-02-26 03:44:20	/budimandjatmiko/status/438519876005535744	1	5	6
438518682063339520	2014-02-26 03:39:35	/budimandjatmiko/status/438518682063339520	0	1	3
438516757561503744	2014-02-26 03:31:56	/budimandjatmiko/status/438516757561503744	2	4	8
607822635947290624	2015-06-08 08:13:03	/budimandjatmiko/status/607822635947290624	1	1	1
601365498660433920	2015-05-21 12:34:42	/budimandjatmiko/status/601365498660433920	22	20	90
597969297567195136	2015-05-12 03:39:24	/budimandjatmiko/status/597969297567195136	3	3	13
594187709834362880	2015-05-01 17:12:44	/budimandjatmiko/status/594187709834362880	0	1	1
594187002695684097	2015-05-01 17:09:55	/budimandjatmiko/status/594187002695684097	1	5	2
594186004845625344	2015-05-01 17:05:57	/budimandjatmiko/status/594186004845625344	7	16	21
585754465631764480	2015-04-08 10:42:02	/budimandjatmiko/status/585754465631764480	4	0	0
583822974727299072	2015-04-03 02:46:58	/budimandjatmiko/status/583822974727299072	3	2	8
577857724739780608	2015-03-17 15:43:12	/budimandjatmiko/status/577857724739780608	3	1	0
577661092349919232	2015-03-17 02:41:51	/budimandjatmiko/status/577661092349919232	0	2	1
575143858725515264	2015-03-10 03:59:16	/budimandjatmiko/status/575143858725515264	0	2	0
574502167354064897	2015-03-08 09:29:25	/budimandjatmiko/status/574502167354064897	1	0	0
573675300350918656	2015-03-06 02:43:44	/budimandjatmiko/status/573675300350918656	1	4	4
573674957776912384	2015-03-06 02:42:22	/budimandjatmiko/status/573674957776912384	4	2	8
573670619562176512	2015-03-06 02:25:08	/budimandjatmiko/status/573670619562176512	1	1	1
573478851575046144	2015-03-05 13:43:07	/budimandjatmiko/status/573478851575046144	3	3	3
572687415506149376	2015-03-03 09:18:14	/budimandjatmiko/status/572687415506149376	3	2	8
571496559747047425	2015-02-28 02:26:12	/budimandjatmiko/status/571496559747047425	2	2	1
569345635796652032	2015-02-22 03:59:12	/budimandjatmiko/status/569345635796652032	1	2	3
569083244940886018	2015-02-21 10:36:33	/budimandjatmiko/status/569083244940886018	14	25	131
607822635947290624	2015-06-08 08:13:03	/budimandjatmiko/status/607822635947290624	1	1	1
601365498660433920	2015-05-21 12:34:42	/budimandjatmiko/status/601365498660433920	22	20	90
597969297567195136	2015-05-12 03:39:24	/budimandjatmiko/status/597969297567195136	3	3	13
594187709834362880	2015-05-01 17:12:44	/budimandjatmiko/status/594187709834362880	0	1	1
594187002695684097	2015-05-01 17:09:55	/budimandjatmiko/status/594187002695684097	1	5	2
594186004845625344	2015-05-01 17:05:57	/budimandjatmiko/status/594186004845625344	7	16	21
585754465631764480	2015-04-08 10:42:02	/budimandjatmiko/status/585754465631764480	4	0	0
583822974727299072	2015-04-03 02:46:58	/budimandjatmiko/status/583822974727299072	3	2	8
577857724739780608	2015-03-17 15:43:12	/budimandjatmiko/status/577857724739780608	3	1	0
577661092349919232	2015-03-17 02:41:51	/budimandjatmiko/status/577661092349919232	0	2	1
575143858725515264	2015-03-10 03:59:16	/budimandjatmiko/status/575143858725515264	0	2	0
574502167354064897	2015-03-08 09:29:25	/budimandjatmiko/status/574502167354064897	1	0	0
573675300350918656	2015-03-06 02:43:44	/budimandjatmiko/status/573675300350918656	1	4	4
573674957776912384	2015-03-06 02:42:22	/budimandjatmiko/status/573674957776912384	4	2	8
573670619562176512	2015-03-06 02:25:08	/budimandjatmiko/status/573670619562176512	1	1	1
573478851575046144	2015-03-05 13:43:07	/budimandjatmiko/status/573478851575046144	3	3	3
572687415506149376	2015-03-03 09:18:14	/budimandjatmiko/status/572687415506149376	3	2	8
571496559747047425	2015-02-28 02:26:12	/budimandjatmiko/status/571496559747047425	2	2	1
569345635796652032	2015-02-22 03:59:12	/budimandjatmiko/status/569345635796652032	1	2	3
569083244940886018	2015-02-21 10:36:33	/budimandjatmiko/status/569083244940886018	14	25	131
568271996011696129	2015-02-19 04:52:56	/budimandjatmiko/status/568271996011696129	2	4	17
567617156104196097	2015-02-17 09:30:50	/budimandjatmiko/status/567617156104196097	1	2	0
566273223528943618	2015-02-13 16:30:31	/budimandjatmiko/status/566273223528943618	3	3	5
566271461367623680	2015-02-13 16:23:31	/budimandjatmiko/status/566271461367623680	3	1	6
566249720863944704	2015-02-13 14:57:08	/budimandjatmiko/status/566249720863944704	13	4	33
563987273377521665	2015-02-07 09:06:59	/budimandjatmiko/status/563987273377521665	4	4	2
562833402374942722	2015-02-04 04:41:54	/budimandjatmiko/status/562833402374942722	2	0	3
561424339229097984	2015-01-31 07:22:47	/budimandjatmiko/status/561424339229097984	2	1	3
559166610896719872	2015-01-25 01:51:23	/budimandjatmiko/status/559166610896719872	15	102	96
558979513900486661	2015-01-24 13:27:56	/budimandjatmiko/status/558979513900486661	4	6	3
558824426125287426	2015-01-24 03:11:40	/budimandjatmiko/status/558824426125287426	1	6	3
557392315874942976	2015-01-20 04:20:58	/budimandjatmiko/status/557392315874942976	3	3	6
555960952047140864	2015-01-16 05:33:14	/budimandjatmiko/status/555960952047140864	3	1	3
551981385951358976	2015-01-05 05:59:52	/budimandjatmiko/status/551981385951358976	1	1	2
548705705822138368	2014-12-27 05:03:29	/budimandjatmiko/status/548705705822138368	0	4	0
547784152909504512	2014-12-24 16:01:34	/budimandjatmiko/status/547784152909504512	2	0	4
547707090039345152	2014-12-24 10:55:20	/budimandjatmiko/status/547707090039345152	1	2	2
547705797526835200	2014-12-24 10:50:12	/budimandjatmiko/status/547705797526835200	2	3	1
547635834690625536	2014-12-24 06:12:12	/budimandjatmiko/status/547635834690625536	3	14	29
540706103948890112	2014-12-05 03:15:55	/budimandjatmiko/status/540706103948890112	2	2	5
538951738506489858	2014-11-30 07:04:42	/budimandjatmiko/status/538951738506489858	0	0	1
538005633392312321	2014-11-27 16:25:13	/budimandjatmiko/status/538005633392312321	2	0	4
538000985046532096	2014-11-27 16:06:45	/budimandjatmiko/status/538000985046532096	3	9	15
536534455934926848	2014-11-23 14:59:17	/budimandjatmiko/status/536534455934926848	2	0	1
535678049119789056	2014-11-21 06:16:13	/budimandjatmiko/status/535678049119789056	3	2	2
534177409604390912	2014-11-17 02:53:13	/budimandjatmiko/status/534177409604390912	4	0	1
533657025628995584	2014-11-15 16:25:24	/budimandjatmiko/status/533657025628995584	2	2	1
533521521776422912	2014-11-15 07:26:57	/budimandjatmiko/status/533521521776422912	1	2	1
532540231421947904	2014-11-12 14:27:39	/budimandjatmiko/status/532540231421947904	2	0	2
530362853534867456	2014-11-06 14:15:32	/budimandjatmiko/status/530362853534867456	0	1	0
530232564535930881	2014-11-06 05:37:49	/budimandjatmiko/status/530232564535930881	3	12	13
692280428271636480	2016-01-27 09:38:10	/budimandjatmiko/status/692280428271636480	7	0	2
685658241695485952	2016-01-09 03:03:58	/budimandjatmiko/status/685658241695485952	2	1	4
684668337125593089	2016-01-06 09:30:26	/budimandjatmiko/status/684668337125593089	1	2	0
684666798734610432	2016-01-06 09:24:19	/budimandjatmiko/status/684666798734610432	3	4	5
682466003008098304	2015-12-31 07:39:09	/budimandjatmiko/status/682466003008098304	2	2	1
679563334807457792	2015-12-23 07:24:59	/budimandjatmiko/status/679563334807457792	6	0	5
679355429734903808	2015-12-22 17:38:50	/budimandjatmiko/status/679355429734903808	1	1	1
676800481411227648	2015-12-15 16:26:23	/budimandjatmiko/status/676800481411227648	1	2	3
668682932723126272	2015-11-23 06:50:09	/budimandjatmiko/status/668682932723126272	2	6	1
668354209981464576	2015-11-22 09:03:55	/budimandjatmiko/status/668354209981464576	6	3	8
655961583395340288	2015-10-19 04:20:03	/budimandjatmiko/status/655961583395340288	6	3	3
655605073372803072	2015-10-18 04:43:24	/budimandjatmiko/status/655605073372803072	18	8	47
650290580489015297	2015-10-03 12:45:30	/budimandjatmiko/status/650290580489015297	1	1	1
650179791518208000	2015-10-03 05:25:16	/budimandjatmiko/status/650179791518208000	0	0	0
648111645730844672	2015-09-27 12:27:12	/budimandjatmiko/status/648111645730844672	1	2	1
632545316164669440	2015-08-15 13:32:10	/budimandjatmiko/status/632545316164669440	3	0	4
630590293323051008	2015-08-10 04:03:36	/budimandjatmiko/status/630590293323051008	1	1	2
630569810993123328	2015-08-10 02:42:13	/budimandjatmiko/status/630569810993123328	2	0	3
622396266379476993	2015-07-18 13:23:28	/budimandjatmiko/status/622396266379476993	1	4	7
620085206691614720	2015-07-12 04:20:08	/budimandjatmiko/status/620085206691614720	4	2	2
692280428271636480	2016-01-27 09:38:10	/budimandjatmiko/status/692280428271636480	7	0	2
685658241695485952	2016-01-09 03:03:58	/budimandjatmiko/status/685658241695485952	2	1	4
684668337125593089	2016-01-06 09:30:26	/budimandjatmiko/status/684668337125593089	1	2	0
684666798734610432	2016-01-06 09:24:19	/budimandjatmiko/status/684666798734610432	3	4	5
682466003008098304	2015-12-31 07:39:09	/budimandjatmiko/status/682466003008098304	2	2	1
679563334807457792	2015-12-23 07:24:59	/budimandjatmiko/status/679563334807457792	6	0	5
679355429734903808	2015-12-22 17:38:50	/budimandjatmiko/status/679355429734903808	1	1	1
676800481411227648	2015-12-15 16:26:23	/budimandjatmiko/status/676800481411227648	1	2	3
668682932723126272	2015-11-23 06:50:09	/budimandjatmiko/status/668682932723126272	2	6	1
668354209981464576	2015-11-22 09:03:55	/budimandjatmiko/status/668354209981464576	6	3	8
655961583395340288	2015-10-19 04:20:03	/budimandjatmiko/status/655961583395340288	6	3	3
655605073372803072	2015-10-18 04:43:24	/budimandjatmiko/status/655605073372803072	18	8	47
650290580489015297	2015-10-03 12:45:30	/budimandjatmiko/status/650290580489015297	1	1	1
650179791518208000	2015-10-03 05:25:16	/budimandjatmiko/status/650179791518208000	0	0	0
648111645730844672	2015-09-27 12:27:12	/budimandjatmiko/status/648111645730844672	1	2	1
632545316164669440	2015-08-15 13:32:10	/budimandjatmiko/status/632545316164669440	3	0	4
630590293323051008	2015-08-10 04:03:36	/budimandjatmiko/status/630590293323051008	1	1	2
630569810993123328	2015-08-10 02:42:13	/budimandjatmiko/status/630569810993123328	2	0	3
622396266379476993	2015-07-18 13:23:28	/budimandjatmiko/status/622396266379476993	1	4	7
620085206691614720	2015-07-12 04:20:08	/budimandjatmiko/status/620085206691614720	4	2	2
619545278652088320	2015-07-10 16:34:39	/budimandjatmiko/status/619545278652088320	0	12	3
617637217133957121	2015-07-05 10:12:42	/budimandjatmiko/status/617637217133957121	0	4	1
612138105831735296	2015-06-20 06:01:12	/budimandjatmiko/status/612138105831735296	1	1	1
611062475534962690	2015-06-17 06:47:01	/budimandjatmiko/status/611062475534962690	0	1	0
611062210710802432	2015-06-17 06:45:58	/budimandjatmiko/status/611062210710802432	0	0	0
430336789266440192	2014-02-03 13:47:40	/budimandjatmiko/status/430336789266440192	0	1	0
428746492505890816	2014-01-30 04:28:24	/budimandjatmiko/status/428746492505890816	1	0	1
425890300347695104	2014-01-22 07:18:54	/budimandjatmiko/status/425890300347695104	1	0	0
425890157170941953	2014-01-22 07:18:20	/budimandjatmiko/status/425890157170941953	0	1	0
422551688847699968	2014-01-13 02:12:27	/budimandjatmiko/status/422551688847699968	1	2	0
422277188772040704	2014-01-12 08:01:41	/budimandjatmiko/status/422277188772040704	2	7	0
422226545650831360	2014-01-12 04:40:27	/budimandjatmiko/status/422226545650831360	1	2	3
420738353588219904	2014-01-08 02:06:55	/budimandjatmiko/status/420738353588219904	2	2	0
420734010059280385	2014-01-08 01:49:39	/budimandjatmiko/status/420734010059280385	2	1	1
418606075999313920	2014-01-02 04:54:00	/budimandjatmiko/status/418606075999313920	1	2	2
414028401725292544	2013-12-20 13:43:57	/budimandjatmiko/status/414028401725292544	1	3	3
410363820247244802	2013-12-10 11:02:13	/budimandjatmiko/status/410363820247244802	0	0	0
410360161841065984	2013-12-10 10:47:41	/budimandjatmiko/status/410360161841065984	0	1	3
410355245969993728	2013-12-10 10:28:09	/budimandjatmiko/status/410355245969993728	2	3	1
409198872234176513	2013-12-07 05:53:08	/budimandjatmiko/status/409198872234176513	0	1	0
408834776003395584	2013-12-06 05:46:21	/budimandjatmiko/status/408834776003395584	2	1	4
407472131543285760	2013-12-02 11:31:41	/budimandjatmiko/status/407472131543285760	0	0	0
406650092980948992	2013-11-30 05:05:12	/budimandjatmiko/status/406650092980948992	1	2	0
406645602676510722	2013-11-30 04:47:21	/budimandjatmiko/status/406645602676510722	0	0	2
406412748524777472	2013-11-29 13:22:04	/budimandjatmiko/status/406412748524777472	1	1	5
430336789266440192	2014-02-03 13:47:40	/budimandjatmiko/status/430336789266440192	0	1	0
428746492505890816	2014-01-30 04:28:24	/budimandjatmiko/status/428746492505890816	1	0	1
425890300347695104	2014-01-22 07:18:54	/budimandjatmiko/status/425890300347695104	1	0	0
425890157170941953	2014-01-22 07:18:20	/budimandjatmiko/status/425890157170941953	0	1	0
422551688847699968	2014-01-13 02:12:27	/budimandjatmiko/status/422551688847699968	1	2	0
422277188772040704	2014-01-12 08:01:41	/budimandjatmiko/status/422277188772040704	2	7	0
422226545650831360	2014-01-12 04:40:27	/budimandjatmiko/status/422226545650831360	1	2	3
420738353588219904	2014-01-08 02:06:55	/budimandjatmiko/status/420738353588219904	2	2	0
420734010059280385	2014-01-08 01:49:39	/budimandjatmiko/status/420734010059280385	2	1	1
418606075999313920	2014-01-02 04:54:00	/budimandjatmiko/status/418606075999313920	1	2	2
414028401725292544	2013-12-20 13:43:57	/budimandjatmiko/status/414028401725292544	1	3	3
410363820247244802	2013-12-10 11:02:13	/budimandjatmiko/status/410363820247244802	0	0	0
410360161841065984	2013-12-10 10:47:41	/budimandjatmiko/status/410360161841065984	0	1	3
410355245969993728	2013-12-10 10:28:09	/budimandjatmiko/status/410355245969993728	2	3	1
409198872234176513	2013-12-07 05:53:08	/budimandjatmiko/status/409198872234176513	0	1	0
408834776003395584	2013-12-06 05:46:21	/budimandjatmiko/status/408834776003395584	2	1	4
407472131543285760	2013-12-02 11:31:41	/budimandjatmiko/status/407472131543285760	0	0	0
406650092980948992	2013-11-30 05:05:12	/budimandjatmiko/status/406650092980948992	1	2	0
406645602676510722	2013-11-30 04:47:21	/budimandjatmiko/status/406645602676510722	0	0	2
406412748524777472	2013-11-29 13:22:04	/budimandjatmiko/status/406412748524777472	1	1	5
402469673737793539	2013-11-18 16:13:42	/budimandjatmiko/status/402469673737793539	0	3	0
398327816283885568	2013-11-07 05:55:26	/budimandjatmiko/status/398327816283885568	0	0	2
396304971412410368	2013-11-01 15:57:22	/budimandjatmiko/status/396304971412410368	0	1	0
396272444312682496	2013-11-01 13:48:07	/budimandjatmiko/status/396272444312682496	1	0	4
396157154207358976	2013-11-01 06:10:00	/budimandjatmiko/status/396157154207358976	1	1	4
395446136212701184	2013-10-30 07:04:40	/budimandjatmiko/status/395446136212701184	0	0	0
394500566136545280	2013-10-27 16:27:19	/budimandjatmiko/status/394500566136545280	0	1	1
392709536500305921	2013-10-22 17:50:24	/budimandjatmiko/status/392709536500305921	0	1	3
391458290468540416	2013-10-19 06:58:24	/budimandjatmiko/status/391458290468540416	0	2	0
390995897338695680	2013-10-18 00:21:00	/budimandjatmiko/status/390995897338695680	0	4	0
384295642400428032	2013-09-29 12:36:35	/budimandjatmiko/status/384295642400428032	0	0	1
378478867763060736	2013-09-13 11:22:48	/budimandjatmiko/status/378478867763060736	1	3	1
377307728764358656	2013-09-10 05:49:07	/budimandjatmiko/status/377307728764358656	0	2	3
377307156938117120	2013-09-10 05:46:50	/budimandjatmiko/status/377307156938117120	0	2	3
377102106512986112	2013-09-09 16:12:03	/budimandjatmiko/status/377102106512986112	0	2	0
377046232603959296	2013-09-09 12:30:01	/budimandjatmiko/status/377046232603959296	0	0	0
375448967267368960	2013-09-05 02:43:03	/budimandjatmiko/status/375448967267368960	1	0	4
375083448987168769	2013-09-04 02:30:37	/budimandjatmiko/status/375083448987168769	0	2	1
373747416693891072	2013-08-31 10:01:42	/budimandjatmiko/status/373747416693891072	0	1	1
371980569967480832	2013-08-26 13:00:53	/budimandjatmiko/status/371980569967480832	0	0	5
368061615897202689	2013-08-15 17:28:22	/budimandjatmiko/status/368061615897202689	1	1	1
364856253626859520	2013-08-06 21:11:24	/budimandjatmiko/status/364856253626859520	0	4	0
361169203253882882	2013-07-27 17:00:22	/budimandjatmiko/status/361169203253882882	0	1	0
356827934457212928	2013-07-15 17:29:43	/budimandjatmiko/status/356827934457212928	3	1	0
356816899142717442	2013-07-15 16:45:52	/budimandjatmiko/status/356816899142717442	0	1	0
352325675987906560	2013-07-03 07:19:21	/budimandjatmiko/status/352325675987906560	0	1	0
349019299723218947	2013-06-24 04:21:00	/budimandjatmiko/status/349019299723218947	0	1	1
85143101324263424	2011-06-27 00:31:11	/budimandjatmiko/status/85143101324263424	0	1	0
84138615961165824	2011-06-24 05:59:43	/budimandjatmiko/status/84138615961165824	0	1	0
84091463398465536	2011-06-24 02:52:21	/budimandjatmiko/status/84091463398465536	0	2	0
83378823554531328	2011-06-22 03:40:35	/budimandjatmiko/status/83378823554531328	0	3	0
79415281432268800	2011-06-11 05:10:53	/budimandjatmiko/status/79415281432268800	0	4	4
79368433115992064	2011-06-11 02:04:43	/budimandjatmiko/status/79368433115992064	0	2	1
79365940810227713	2011-06-11 01:54:49	/budimandjatmiko/status/79365940810227713	0	3	0
78435105709887488	2011-06-08 12:16:01	/budimandjatmiko/status/78435105709887488	0	0	1
78284991297110016	2011-06-08 02:19:31	/budimandjatmiko/status/78284991297110016	0	0	0
77984112308273152	2011-06-07 06:23:55	/budimandjatmiko/status/77984112308273152	1	0	0
77201516037013504	2011-06-05 02:34:10	/budimandjatmiko/status/77201516037013504	0	0	0
76806478438207488	2011-06-04 00:24:26	/budimandjatmiko/status/76806478438207488	0	0	0
76443968820359169	2011-06-03 00:23:57	/budimandjatmiko/status/76443968820359169	0	0	0
74389767135035392	2011-05-28 08:21:17	/budimandjatmiko/status/74389767135035392	0	0	0
74384531624439808	2011-05-28 08:00:28	/budimandjatmiko/status/74384531624439808	0	0	0
73196329312075776	2011-05-25 01:18:59	/budimandjatmiko/status/73196329312075776	0	0	0
73189303081119744	2011-05-25 00:51:04	/budimandjatmiko/status/73189303081119744	0	0	0
71906523755974656	2011-05-21 11:53:45	/budimandjatmiko/status/71906523755974656	0	0	0
71903777850011648	2011-05-21 11:42:51	/budimandjatmiko/status/71903777850011648	0	0	0
71762091043848192	2011-05-21 02:19:50	/budimandjatmiko/status/71762091043848192	0	0	1
85143101324263424	2011-06-27 00:31:11	/budimandjatmiko/status/85143101324263424	0	1	0
84138615961165824	2011-06-24 05:59:43	/budimandjatmiko/status/84138615961165824	0	1	0
84091463398465536	2011-06-24 02:52:21	/budimandjatmiko/status/84091463398465536	0	2	0
83378823554531328	2011-06-22 03:40:35	/budimandjatmiko/status/83378823554531328	0	3	0
79415281432268800	2011-06-11 05:10:53	/budimandjatmiko/status/79415281432268800	0	4	4
79368433115992064	2011-06-11 02:04:43	/budimandjatmiko/status/79368433115992064	0	2	1
79365940810227713	2011-06-11 01:54:49	/budimandjatmiko/status/79365940810227713	0	3	0
78435105709887488	2011-06-08 12:16:01	/budimandjatmiko/status/78435105709887488	0	0	1
78284991297110016	2011-06-08 02:19:31	/budimandjatmiko/status/78284991297110016	0	0	0
77984112308273152	2011-06-07 06:23:55	/budimandjatmiko/status/77984112308273152	1	0	0
77201516037013504	2011-06-05 02:34:10	/budimandjatmiko/status/77201516037013504	0	0	0
76806478438207488	2011-06-04 00:24:26	/budimandjatmiko/status/76806478438207488	0	0	0
76443968820359169	2011-06-03 00:23:57	/budimandjatmiko/status/76443968820359169	0	0	0
74389767135035392	2011-05-28 08:21:17	/budimandjatmiko/status/74389767135035392	0	0	0
74384531624439808	2011-05-28 08:00:28	/budimandjatmiko/status/74384531624439808	0	0	0
73196329312075776	2011-05-25 01:18:59	/budimandjatmiko/status/73196329312075776	0	0	0
73189303081119744	2011-05-25 00:51:04	/budimandjatmiko/status/73189303081119744	0	0	0
71906523755974656	2011-05-21 11:53:45	/budimandjatmiko/status/71906523755974656	0	0	0
71903777850011648	2011-05-21 11:42:51	/budimandjatmiko/status/71903777850011648	0	0	0
71762091043848192	2011-05-21 02:19:50	/budimandjatmiko/status/71762091043848192	0	0	1
71209324873125888	2011-05-19 13:43:20	/budimandjatmiko/status/71209324873125888	0	0	0
70122156859723776	2011-05-16 13:43:19	/budimandjatmiko/status/70122156859723776	0	0	0
70119205239922688	2011-05-16 13:31:35	/budimandjatmiko/status/70119205239922688	0	0	0
70118991049404416	2011-05-16 13:30:44	/budimandjatmiko/status/70118991049404416	0	0	1
69568821085741056	2011-05-15 01:04:34	/budimandjatmiko/status/69568821085741056	0	0	0
68992347119157249	2011-05-13 10:53:52	/budimandjatmiko/status/68992347119157249	0	0	1
68836138793705473	2011-05-13 00:33:09	/budimandjatmiko/status/68836138793705473	0	0	3
68776946191970306	2011-05-12 20:37:56	/budimandjatmiko/status/68776946191970306	0	0	1
64569090760638464	2011-05-01 05:57:25	/budimandjatmiko/status/64569090760638464	0	0	0
61463979750465536	2011-04-22 16:18:49	/budimandjatmiko/status/61463979750465536	0	0	0
60341107439042561	2011-04-19 13:56:55	/budimandjatmiko/status/60341107439042561	0	0	2
59403789563736064	2011-04-16 23:52:21	/budimandjatmiko/status/59403789563736064	0	0	0
59343935100821504	2011-04-16 19:54:31	/budimandjatmiko/status/59343935100821504	0	0	2
57026108050259968	2011-04-10 10:24:18	/budimandjatmiko/status/57026108050259968	0	0	0
55912216993595392	2011-04-07 08:38:05	/budimandjatmiko/status/55912216993595392	0	0	0
55311212380028928	2011-04-05 16:49:55	/budimandjatmiko/status/55311212380028928	0	0	0
51884241369309184	2011-03-27 05:52:21	/budimandjatmiko/status/51884241369309184	0	0	1
51866940716752896	2011-03-27 04:43:36	/budimandjatmiko/status/51866940716752896	0	0	0
51685937847083009	2011-03-26 16:44:22	/budimandjatmiko/status/51685937847083009	0	0	0
51191043026202624	2011-03-25 07:57:50	/budimandjatmiko/status/51191043026202624	0	0	1
51190083033907200	2011-03-25 07:54:01	/budimandjatmiko/status/51190083033907200	0	0	1
50214099535147008	2011-03-22 15:15:48	/budimandjatmiko/status/50214099535147008	0	0	0
49214742258122752	2011-03-19 21:04:43	/budimandjatmiko/status/49214742258122752	0	0	0
48040515874209792	2011-03-16 15:18:46	/budimandjatmiko/status/48040515874209792	1	0	0
44028677243150336	2011-03-05 13:37:09	/budimandjatmiko/status/44028677243150336	0	0	0
43692023995314176	2011-03-04 15:19:24	/budimandjatmiko/status/43692023995314176	0	0	0
43688138765381632	2011-03-04 15:03:58	/budimandjatmiko/status/43688138765381632	0	0	1
43687769884733440	2011-03-04 15:02:30	/budimandjatmiko/status/43687769884733440	0	0	0
43682511536132097	2011-03-04 14:41:36	/budimandjatmiko/status/43682511536132097	0	0	0
43681053315047425	2011-03-04 14:35:49	/budimandjatmiko/status/43681053315047425	0	0	0
43678906779308032	2011-03-04 14:27:17	/budimandjatmiko/status/43678906779308032	0	0	0
43335747054481408	2011-03-03 15:43:41	/budimandjatmiko/status/43335747054481408	0	0	1
42899143571673088	2011-03-02 10:48:47	/budimandjatmiko/status/42899143571673088	0	0	0
42896995047837698	2011-03-02 10:40:15	/budimandjatmiko/status/42896995047837698	1	0	0
42892382043250688	2011-03-02 10:21:55	/budimandjatmiko/status/42892382043250688	0	0	0
42801014750986240	2011-03-02 04:18:51	/budimandjatmiko/status/42801014750986240	0	0	0
42798854256594945	2011-03-02 04:10:16	/budimandjatmiko/status/42798854256594945	0	0	1
42791079883444224	2011-03-02 03:39:23	/budimandjatmiko/status/42791079883444224	0	0	2
42789126751256576	2011-03-02 03:31:37	/budimandjatmiko/status/42789126751256576	0	0	0
42788778032635904	2011-03-02 03:30:14	/budimandjatmiko/status/42788778032635904	0	0	1
42779239384227840	2011-03-02 02:52:20	/budimandjatmiko/status/42779239384227840	0	0	0
42777955457441792	2011-03-02 02:47:14	/budimandjatmiko/status/42777955457441792	0	0	0
42549606101417985	2011-03-01 11:39:51	/budimandjatmiko/status/42549606101417985	1	0	1
42219262609338368	2011-02-28 13:47:11	/budimandjatmiko/status/42219262609338368	0	0	2
40066682550616064	2011-02-22 15:13:36	/budimandjatmiko/status/40066682550616064	0	0	0
35811917918375936	2011-02-10 21:26:41	/budimandjatmiko/status/35811917918375936	1	0	2
35182750285692928	2011-02-09 03:46:35	/budimandjatmiko/status/35182750285692928	0	0	0
34305644072927232	2011-02-06 17:41:17	/budimandjatmiko/status/34305644072927232	0	0	0
34266718201331712	2011-02-06 15:06:36	/budimandjatmiko/status/34266718201331712	0	0	1
30574425187295232	2011-01-27 10:34:45	/budimandjatmiko/status/30574425187295232	0	0	1
29448215489155072	2011-01-24 07:59:36	/budimandjatmiko/status/29448215489155072	0	0	0
28900133387116545	2011-01-22 19:41:43	/budimandjatmiko/status/28900133387116545	0	0	0
28880737960726528	2011-01-22 18:24:39	/budimandjatmiko/status/28880737960726528	0	0	0
28106459858345985	2011-01-20 15:07:56	/budimandjatmiko/status/28106459858345985	0	0	0
24064622151602176	2011-01-09 11:27:07	/budimandjatmiko/status/24064622151602176	0	0	0
23429308047425536	2011-01-07 17:22:36	/budimandjatmiko/status/23429308047425536	0	0	0
23425354823630848	2011-01-07 17:06:54	/budimandjatmiko/status/23425354823630848	0	0	0
22517164904816640	2011-01-05 04:58:05	/budimandjatmiko/status/22517164904816640	1	0	0
21387929792286720	2011-01-02 02:10:54	/budimandjatmiko/status/21387929792286720	0	0	0
18518467082715137	2010-12-25 04:08:41	/budimandjatmiko/status/18518467082715137	0	0	0
17637715965120512	2010-12-22 17:48:53	/budimandjatmiko/status/17637715965120512	0	0	0
17628917187743745	2010-12-22 17:13:56	/budimandjatmiko/status/17628917187743745	0	0	0
17613166645084160	2010-12-22 16:11:20	/budimandjatmiko/status/17613166645084160	0	0	0
15607792958177281	2010-12-17 03:22:42	/budimandjatmiko/status/15607792958177281	0	0	0
13912170303594496	2010-12-12 11:04:54	/budimandjatmiko/status/13912170303594496	0	0	0
12389329921908736	2010-12-08 06:13:41	/budimandjatmiko/status/12389329921908736	0	0	0
11367975386873856	2010-12-05 10:35:11	/budimandjatmiko/status/11367975386873856	0	0	1
11272045362946048	2010-12-05 04:13:59	/budimandjatmiko/status/11272045362946048	0	0	0
8785337279053825	2010-11-28 07:32:42	/budimandjatmiko/status/8785337279053825	0	0	0
5797740256698368	2010-11-20 01:41:03	/budimandjatmiko/status/5797740256698368	0	0	1
4810069317259264	2010-11-17 08:16:24	/budimandjatmiko/status/4810069317259264	0	0	0
3794790470647808	2010-11-14 13:02:03	/budimandjatmiko/status/3794790470647808	0	0	0
3764161305645057	2010-11-14 11:00:20	/budimandjatmiko/status/3764161305645057	1	0	0
3331781524717568	2010-11-13 06:22:13	/budimandjatmiko/status/3331781524717568	1	0	0
3294910639767552	2010-11-13 03:55:42	/budimandjatmiko/status/3294910639767552	0	0	2
3289714538844161	2010-11-13 03:35:03	/budimandjatmiko/status/3289714538844161	0	0	0
3286764215074816	2010-11-13 03:23:20	/budimandjatmiko/status/3286764215074816	0	0	1
3270462909976576	2010-11-13 02:18:33	/budimandjatmiko/status/3270462909976576	1	0	0
2600138614767616	2010-11-11 05:54:56	/budimandjatmiko/status/2600138614767616	0	0	0
29560821748	2010-11-03 11:08:24	/budimandjatmiko/status/29560821748	0	0	2
29516940676	2010-11-02 23:30:40	/budimandjatmiko/status/29516940676	0	0	0
